intern_id,intern_name,department,mentor_id,task_id,assigned_date,due_date,completion_date,quality_score,mentor_feedback
INT-001,Intern 1,Graphic Design,M-03,T-0001,2026-06-18,2026-06-28,2026-06-24,7.0,4.1
INT-001,Intern 1,Graphic Design,M-03,T-0002,2026-06-02,2026-06-12,2026-06-05,8.5,4.3
INT-001,Intern 1,Graphic Design,M-03,T-0003,2026-06-03,2026-06-08,2026-06-03,7.0,5.0
INT-001,Intern 1,Graphic Design,M-03,T-0004,2026-06-22,2026-06-27,2026-06-23,7.1,5.0
INT-001,Intern 1,Graphic Design,M-03,T-0005,2026-07-04,2026-07-09,2026-07-07,8.5,5.0
INT-001,Intern 1,Graphic Design,M-03,T-0006,2026-07-08,2026-07-11,2026-07-08,7.1,5.0
INT-001,Intern 1,Graphic Design,M-03,T-0007,2026-07-13,2026-07-16,2026-07-13,7.4,4.1
INT-001,Intern 1,Graphic Design,M-03,T-0008,2026-08-12,2026-08-22,2026-08-20,5.8,3.7
INT-001,Intern 1,Graphic Design,M-03,T-0009,2026-08-07,2026-08-10,2026-08-08,7.5,4.1
INT-001,Intern 1,Graphic Design,M-03,T-0010,2026-09-03,2026-09-13,2026-09-09,5.6,3.9
INT-001,Intern 1,Graphic Design,M-03,T-0011,2026-09-14,2026-09-21,2026-09-20,7.1,5.0
INT-002,Intern 2,Content Writing,M-03,T-0012,2026-06-15,2026-06-22,2026-06-17,7.1,3.9
INT-002,Intern 2,Content Writing,M-03,T-0013,2026-06-17,2026-06-27,2026-06-26,6.7,3.0
INT-002,Intern 2,Content Writing,M-03,T-0014,2026-07-11,2026-07-14,2026-07-11,8.3,4.3
INT-002,Intern 2,Content Writing,M-03,T-0015,2026-07-12,2026-07-22,2026-07-18,5.6,3.5
INT-002,Intern 2,Content Writing,M-03,T-0016,2026-07-25,2026-08-01,2026-07-30,5.2,3.3
INT-002,Intern 2,Content Writing,M-03,T-0017,2026-07-06,2026-07-16,2026-07-16,5.8,4.8
INT-002,Intern 2,Content Writing,M-03,T-0018,2026-08-22,2026-09-01,2026-08-30,6.6,3.6
INT-002,Intern 2,Content Writing,M-03,T-0019,2026-08-20,2026-08-30,2026-08-23,5.5,3.2
INT-002,Intern 2,Content Writing,M-03,T-0020,2026-08-17,2026-08-24,2026-08-26,6.6,4.1
INT-002,Intern 2,Content Writing,M-03,T-0021,2026-08-02,2026-08-05,2026-08-04,7.8,3.1
INT-002,Intern 2,Content Writing,M-03,T-0022,2026-09-24,2026-10-01,2026-09-28,7.1,3.8
INT-002,Intern 2,Content Writing,M-03,T-0023,2026-09-22,2026-09-29,2026-09-28,6.8,3.0
INT-002,Intern 2,Content Writing,M-03,T-0024,2026-09-16,2026-09-19,2026-09-19,7.9,3.3
INT-002,Intern 2,Content Writing,M-03,T-0025,2026-09-19,2026-09-29,2026-09-25,6.0,5.0
INT-003,Intern 3,Marketing,M-07,T-0026,2026-06-08,2026-06-11,2026-06-12,7.0,2.9
INT-003,Intern 3,Marketing,M-07,T-0027,2026-06-10,2026-06-17,2026-06-12,7.3,4.4
INT-003,Intern 3,Marketing,M-07,T-0028,2026-06-17,2026-06-22,2026-06-20,6.0,3.3
INT-003,Intern 3,Marketing,M-07,T-0029,2026-07-16,2026-07-26,2026-07-24,7.2,4.6
INT-003,Intern 3,Marketing,M-07,T-0030,2026-07-03,2026-07-13,2026-07-07,9.5,4.3
INT-003,Intern 3,Marketing,M-07,T-0031,2026-07-16,2026-07-19,2026-07-16,5.9,3.2
INT-003,Intern 3,Marketing,M-07,T-0032,2026-07-20,2026-07-30,2026-07-27,7.9,5.0
INT-003,Intern 3,Marketing,M-07,T-0033,2026-08-19,2026-08-24,2026-08-19,7.3,4.4
INT-003,Intern 3,Marketing,M-07,T-0034,2026-08-22,2026-09-01,2026-08-29,10.0,3.9
INT-003,Intern 3,Marketing,M-07,T-0035,2026-08-01,2026-08-04,2026-08-01,9.0,4.3
INT-003,Intern 3,Marketing,M-07,T-0036,2026-08-17,2026-08-27,2026-08-23,7.8,4.0
INT-003,Intern 3,Marketing,M-07,T-0037,2026-09-01,2026-09-11,2026-09-02,6.8,4.8
INT-003,Intern 3,Marketing,M-07,T-0038,2026-09-18,2026-09-21,2026-09-19,7.6,3.1
INT-003,Intern 3,Marketing,M-07,T-0039,2026-09-23,2026-09-28,2026-09-23,8.5,3.9
INT-003,Intern 3,Marketing,M-07,T-0040,2026-09-09,2026-09-16,2026-09-16,6.1,2.8
INT-004,Intern 4,Content Writing,M-02,T-0041,2026-06-25,2026-07-05,2026-07-03,8.6,3.9
INT-004,Intern 4,Content Writing,M-02,T-0042,2026-06-01,2026-06-11,2026-06-10,6.1,4.3
INT-004,Intern 4,Content Writing,M-02,T-0043,2026-06-02,2026-06-07,2026-06-06,5.0,3.3
INT-004,Intern 4,Content Writing,M-02,T-0044,2026-07-22,2026-07-27,2026-07-26,4.3,4.2
INT-004,Intern 4,Content Writing,M-02,T-0045,2026-07-08,2026-07-11,2026-07-11,5.9,2.8
INT-004,Intern 4,Content Writing,M-02,T-0046,2026-07-03,2026-07-10,2026-07-06,8.9,3.6
INT-004,Intern 4,Content Writing,M-02,T-0047,2026-08-05,2026-08-10,2026-08-11,6.6,3.8
INT-004,Intern 4,Content Writing,M-02,T-0048,2026-08-02,2026-08-12,2026-08-11,4.6,4.3
INT-004,Intern 4,Content Writing,M-02,T-0049,2026-08-16,2026-08-19,2026-08-22,4.9,5.0
INT-004,Intern 4,Content Writing,M-02,T-0050,2026-09-16,2026-09-23,2026-09-24,6.8,3.3
INT-004,Intern 4,Content Writing,M-02,T-0051,2026-09-07,2026-09-17,2026-09-11,9.0,2.9
INT-004,Intern 4,Content Writing,M-02,T-0052,2026-09-05,2026-09-15,2026-09-10,6.9,5.0
INT-005,Intern 5,Content Writing,M-08,T-0053,2026-06-24,2026-06-27,2026-06-30,6.9,4.4
INT-005,Intern 5,Content Writing,M-08,T-0054,2026-06-20,2026-06-30,2026-07-01,6.8,3.6
INT-005,Intern 5,Content Writing,M-08,T-0055,2026-07-05,2026-07-15,2026-07-12,6.0,4.0
INT-005,Intern 5,Content Writing,M-08,T-0056,2026-07-08,2026-07-11,2026-07-11,7.4,3.5
INT-005,Intern 5,Content Writing,M-08,T-0057,2026-07-13,2026-07-20,2026-07-19,5.8,4.4
INT-005,Intern 5,Content Writing,M-08,T-0058,2026-07-10,2026-07-13,2026-07-14,6.5,3.9
INT-005,Intern 5,Content Writing,M-08,T-0059,2026-08-17,2026-08-24,2026-08-23,4.5,4.0
INT-005,Intern 5,Content Writing,M-08,T-0060,2026-08-23,2026-08-26,2026-08-26,7.8,2.4
INT-005,Intern 5,Content Writing,M-08,T-0061,2026-08-20,2026-08-30,2026-08-23,7.7,4.0
INT-005,Intern 5,Content Writing,M-08,T-0062,2026-09-20,2026-09-27,2026-09-24,7.3,3.4
INT-005,Intern 5,Content Writing,M-08,T-0063,2026-09-20,2026-09-27,2026-09-25,7.3,5.0
INT-005,Intern 5,Content Writing,M-08,T-0064,2026-09-11,2026-09-16,2026-09-15,6.4,4.7
INT-005,Intern 5,Content Writing,M-08,T-0065,2026-09-08,2026-09-13,2026-09-12,6.6,2.9
INT-006,Intern 6,Web Development,M-04,T-0066,2026-06-19,2026-06-29,2026-06-19,6.7,4.2
INT-006,Intern 6,Web Development,M-04,T-0067,2026-06-12,2026-06-17,2026-06-14,6.6,3.0
INT-006,Intern 6,Web Development,M-04,T-0068,2026-06-13,2026-06-16,2026-06-13,7.9,4.4
INT-006,Intern 6,Web Development,M-04,T-0069,2026-07-09,2026-07-16,2026-07-15,6.9,4.3
INT-006,Intern 6,Web Development,M-04,T-0070,2026-07-17,2026-07-20,2026-07-18,7.4,4.9
INT-006,Intern 6,Web Development,M-04,T-0071,2026-07-11,2026-07-21,2026-07-14,7.2,4.5
INT-006,Intern 6,Web Development,M-04,T-0072,2026-07-09,2026-07-12,2026-07-13,8.9,5.0
INT-006,Intern 6,Web Development,M-04,T-0073,2026-08-25,2026-09-01,2026-08-30,5.4,4.7
INT-006,Intern 6,Web Development,M-04,T-0074,2026-08-04,2026-08-09,2026-08-04,6.6,3.4
INT-006,Intern 6,Web Development,M-04,T-0075,2026-08-04,2026-08-14,2026-08-08,6.5,3.1
INT-006,Intern 6,Web Development,M-04,T-0076,2026-08-13,2026-08-23,2026-08-16,9.6,3.0
INT-006,Intern 6,Web Development,M-04,T-0077,2026-09-02,2026-09-07,2026-09-04,4.7,4.9
INT-006,Intern 6,Web Development,M-04,T-0078,2026-09-22,2026-09-29,2026-09-26,4.0,3.4
INT-007,Intern 7,Marketing,M-04,T-0079,2026-06-21,2026-07-01,2026-06-27,8.8,4.0
INT-007,Intern 7,Marketing,M-04,T-0080,2026-06-03,2026-06-06,2026-06-08,5.4,4.6
INT-007,Intern 7,Marketing,M-04,T-0081,2026-07-14,2026-07-17,2026-07-16,8.5,5.0
INT-007,Intern 7,Marketing,M-04,T-0082,2026-07-08,2026-07-15,2026-07-17,6.8,4.9
INT-007,Intern 7,Marketing,M-04,T-0083,2026-08-22,2026-09-01,2026-08-30,5.1,3.5
INT-007,Intern 7,Marketing,M-04,T-0084,2026-08-15,2026-08-22,2026-08-23,5.3,4.3
INT-007,Intern 7,Marketing,M-04,T-0085,2026-09-02,2026-09-07,2026-09-09,5.1,3.7
INT-007,Intern 7,Marketing,M-04,T-0086,2026-09-02,2026-09-12,2026-09-10,7.0,4.6
INT-007,Intern 7,Marketing,M-04,T-0087,2026-09-10,2026-09-17,2026-09-17,8.0,3.6
INT-008,Intern 8,Marketing,M-08,T-0088,2026-06-20,2026-06-30,2026-06-25,5.5,3.6
INT-008,Intern 8,Marketing,M-08,T-0089,2026-06-11,2026-06-21,2026-06-13,9.9,3.2
INT-008,Intern 8,Marketing,M-08,T-0090,2026-07-22,2026-08-01,2026-07-27,8.3,4.0
INT-008,Intern 8,Marketing,M-08,T-0091,2026-07-03,2026-07-10,2026-07-07,6.6,3.6
INT-008,Intern 8,Marketing,M-08,T-0092,2026-07-22,2026-07-25,2026-07-30,7.5,3.5
INT-008,Intern 8,Marketing,M-08,T-0093,2026-07-17,2026-07-22,2026-07-17,7.3,3.6
INT-008,Intern 8,Marketing,M-08,T-0094,2026-08-15,2026-08-25,2026-08-20,7.8,4.5
INT-008,Intern 8,Marketing,M-08,T-0095,2026-08-20,2026-08-27,2026-08-25,7.8,3.3
INT-008,Intern 8,Marketing,M-08,T-0096,2026-08-14,2026-08-24,2026-08-20,8.2,4.4
INT-008,Intern 8,Marketing,M-08,T-0097,2026-09-15,2026-09-25,2026-09-18,4.9,4.2
INT-008,Intern 8,Marketing,M-08,T-0098,2026-09-25,2026-10-02,2026-09-28,5.7,3.6
INT-008,Intern 8,Marketing,M-08,T-0099,2026-09-12,2026-09-15,2026-09-15,8.3,4.4
INT-008,Intern 8,Marketing,M-08,T-0100,2026-09-13,2026-09-18,2026-09-14,9.0,4.4
INT-009,Intern 9,Marketing,M-07,T-0101,2026-06-12,2026-06-19,2026-06-12,8.0,4.9
INT-009,Intern 9,Marketing,M-07,T-0102,2026-06-24,2026-07-01,2026-06-27,6.8,3.9
INT-009,Intern 9,Marketing,M-07,T-0103,2026-07-06,2026-07-13,2026-07-10,7.1,4.6
INT-009,Intern 9,Marketing,M-07,T-0104,2026-07-11,2026-07-21,2026-07-17,7.4,4.4
INT-009,Intern 9,Marketing,M-07,T-0105,2026-07-11,2026-07-21,2026-07-17,5.7,4.4
INT-009,Intern 9,Marketing,M-07,T-0106,2026-08-12,2026-08-19,2026-08-17,7.0,3.4
INT-009,Intern 9,Marketing,M-07,T-0107,2026-08-04,2026-08-07,2026-08-04,6.3,3.9
INT-009,Intern 9,Marketing,M-07,T-0108,2026-09-10,2026-09-20,2026-09-13,10.0,3.6
INT-009,Intern 9,Marketing,M-07,T-0109,2026-09-03,2026-09-08,2026-09-07,6.7,3.3
INT-009,Intern 9,Marketing,M-07,T-0110,2026-09-01,2026-09-11,2026-09-07,8.1,4.5
INT-009,Intern 9,Marketing,M-07,T-0111,2026-09-03,2026-09-06,2026-09-03,8.4,4.4
INT-010,Intern 10,Content Writing,M-06,T-0112,2026-06-13,2026-06-18,2026-06-16,4.0,3.1
INT-010,Intern 10,Content Writing,M-06,T-0113,2026-06-19,2026-06-22,2026-06-20,4.6,3.9
INT-010,Intern 10,Content Writing,M-06,T-0114,2026-07-15,2026-07-22,2026-07-18,7.5,3.0
INT-010,Intern 10,Content Writing,M-06,T-0115,2026-07-06,2026-07-11,2026-07-08,5.5,4.2
INT-010,Intern 10,Content Writing,M-06,T-0116,2026-08-01,2026-08-11,2026-08-10,8.1,4.4
INT-010,Intern 10,Content Writing,M-06,T-0117,2026-08-01,2026-08-06,2026-08-02,8.9,3.9
INT-010,Intern 10,Content Writing,M-06,T-0118,2026-08-22,2026-08-27,2026-08-24,10.0,3.7
INT-010,Intern 10,Content Writing,M-06,T-0119,2026-08-15,2026-08-18,2026-08-21,9.1,3.8
INT-010,Intern 10,Content Writing,M-06,T-0120,2026-09-19,2026-09-26,2026-09-25,8.0,4.0
INT-010,Intern 10,Content Writing,M-06,T-0121,2026-09-10,2026-09-20,2026-09-17,8.4,4.2
INT-010,Intern 10,Content Writing,M-06,T-0122,2026-09-12,2026-09-17,2026-09-20,6.7,4.0
INT-010,Intern 10,Content Writing,M-06,T-0123,2026-09-11,2026-09-21,2026-09-19,5.8,3.7
INT-011,Intern 11,Graphic Design,M-06,T-0124,2026-06-14,2026-06-24,2026-06-17,6.8,3.9
INT-011,Intern 11,Graphic Design,M-06,T-0125,2026-06-23,2026-06-26,2026-06-23,8.3,3.4
INT-011,Intern 11,Graphic Design,M-06,T-0126,2026-06-15,2026-06-18,2026-06-16,8.1,5.0
INT-011,Intern 11,Graphic Design,M-06,T-0127,2026-06-03,2026-06-10,2026-06-06,6.8,4.5
INT-011,Intern 11,Graphic Design,M-06,T-0128,2026-07-02,2026-07-09,2026-07-03,6.2,4.2
INT-011,Intern 11,Graphic Design,M-06,T-0129,2026-07-24,2026-07-27,2026-07-24,7.7,5.0
INT-011,Intern 11,Graphic Design,M-06,T-0130,2026-07-11,2026-07-16,2026-07-11,8.0,4.2
INT-011,Intern 11,Graphic Design,M-06,T-0131,2026-07-09,2026-07-12,2026-07-11,5.2,4.1
INT-011,Intern 11,Graphic Design,M-06,T-0132,2026-08-01,2026-08-11,2026-08-06,7.5,4.0
INT-011,Intern 11,Graphic Design,M-06,T-0133,2026-08-17,2026-08-20,2026-08-18,4.8,4.4
INT-011,Intern 11,Graphic Design,M-06,T-0134,2026-08-19,2026-08-26,2026-08-28,5.8,1.3
INT-011,Intern 11,Graphic Design,M-06,T-0135,2026-08-19,2026-08-26,2026-08-20,7.5,4.0
INT-011,Intern 11,Graphic Design,M-06,T-0136,2026-09-10,2026-09-17,2026-09-15,8.8,5.0
INT-011,Intern 11,Graphic Design,M-06,T-0137,2026-09-01,2026-09-04,2026-09-01,7.6,4.1
INT-011,Intern 11,Graphic Design,M-06,T-0138,2026-09-03,2026-09-10,2026-09-06,7.3,4.0
INT-012,Intern 12,Marketing,M-07,T-0139,2026-06-24,2026-06-29,2026-06-29,5.5,4.4
INT-012,Intern 12,Marketing,M-07,T-0140,2026-06-23,2026-07-03,2026-06-28,7.6,4.2
INT-012,Intern 12,Marketing,M-07,T-0141,2026-06-16,2026-06-19,2026-06-20,7.3,4.0
INT-012,Intern 12,Marketing,M-07,T-0142,2026-07-20,2026-07-27,2026-07-21,4.9,4.4
INT-012,Intern 12,Marketing,M-07,T-0143,2026-07-05,2026-07-08,2026-07-05,4.1,3.3
INT-012,Intern 12,Marketing,M-07,T-0144,2026-08-22,2026-09-01,2026-08-29,6.0,4.7
INT-012,Intern 12,Marketing,M-07,T-0145,2026-08-19,2026-08-22,2026-08-19,4.9,4.4
INT-012,Intern 12,Marketing,M-07,T-0146,2026-08-22,2026-08-27,2026-08-24,5.0,4.5
INT-012,Intern 12,Marketing,M-07,T-0147,2026-09-05,2026-09-08,2026-09-09,5.0,3.0
INT-012,Intern 12,Marketing,M-07,T-0148,2026-09-08,2026-09-13,2026-09-15,3.9,2.7
INT-013,Intern 13,Content Writing,M-06,T-0149,2026-06-14,2026-06-24,2026-06-20,6.6,4.8
INT-013,Intern 13,Content Writing,M-06,T-0150,2026-06-04,2026-06-07,2026-06-09,6.6,4.3
INT-013,Intern 13,Content Writing,M-06,T-0151,2026-06-24,2026-06-29,2026-06-24,7.4,2.8
INT-013,Intern 13,Content Writing,M-06,T-0152,2026-07-03,2026-07-13,2026-07-07,4.8,4.7
INT-013,Intern 13,Content Writing,M-06,T-0153,2026-07-02,2026-07-05,2026-07-02,9.5,3.7
INT-013,Intern 13,Content Writing,M-06,T-0154,2026-07-08,2026-07-13,2026-07-10,6.8,3.7
INT-013,Intern 13,Content Writing,M-06,T-0155,2026-07-17,2026-07-20,2026-07-21,5.7,3.9
INT-013,Intern 13,Content Writing,M-06,T-0156,2026-08-08,2026-08-15,2026-08-14,7.9,4.2
INT-013,Intern 13,Content Writing,M-06,T-0157,2026-08-25,2026-08-30,2026-08-26,8.5,4.3
INT-013,Intern 13,Content Writing,M-06,T-0158,2026-08-14,2026-08-21,2026-08-19,7.3,4.6
INT-013,Intern 13,Content Writing,M-06,T-0159,2026-08-20,2026-08-27,2026-08-20,8.3,4.7
INT-013,Intern 13,Content Writing,M-06,T-0160,2026-09-12,2026-09-22,2026-09-18,3.4,4.8
INT-013,Intern 13,Content Writing,M-06,T-0161,2026-09-23,2026-10-03,2026-09-30,9.3,4.1
INT-013,Intern 13,Content Writing,M-06,T-0162,2026-09-13,2026-09-18,2026-09-14,7.5,5.0
INT-013,Intern 13,Content Writing,M-06,T-0163,2026-09-03,2026-09-08,2026-09-03,10.0,3.6
INT-014,Intern 14,Web Development,M-03,T-0164,2026-06-25,2026-06-30,2026-06-26,9.2,4.1
INT-014,Intern 14,Web Development,M-03,T-0165,2026-06-17,2026-06-24,2026-06-19,8.0,4.7
INT-014,Intern 14,Web Development,M-03,T-0166,2026-06-05,2026-06-08,2026-06-07,5.5,3.7
INT-014,Intern 14,Web Development,M-03,T-0167,2026-06-05,2026-06-08,2026-06-05,7.8,4.0
INT-014,Intern 14,Web Development,M-03,T-0168,2026-07-25,2026-08-01,2026-07-30,7.2,5.0
INT-014,Intern 14,Web Development,M-03,T-0169,2026-07-10,2026-07-17,2026-07-12,7.8,3.6
INT-014,Intern 14,Web Development,M-03,T-0170,2026-07-06,2026-07-09,2026-07-08,5.4,4.1
INT-014,Intern 14,Web Development,M-03,T-0171,2026-08-06,2026-08-09,2026-08-06,8.8,5.0
INT-014,Intern 14,Web Development,M-03,T-0172,2026-08-02,2026-08-09,2026-08-07,7.7,4.8
INT-014,Intern 14,Web Development,M-03,T-0173,2026-08-05,2026-08-12,2026-08-07,5.1,3.5
INT-014,Intern 14,Web Development,M-03,T-0174,2026-08-05,2026-08-15,2026-08-10,8.0,3.3
INT-014,Intern 14,Web Development,M-03,T-0175,2026-09-13,2026-09-16,2026-09-16,9.0,4.4
INT-014,Intern 14,Web Development,M-03,T-0176,2026-09-08,2026-09-15,2026-09-14,8.2,3.9
INT-015,Intern 15,Graphic Design,M-04,T-0177,2026-06-16,2026-06-19,2026-06-16,6.0,4.5
INT-015,Intern 15,Graphic Design,M-04,T-0178,2026-06-05,2026-06-12,2026-06-10,6.2,4.4
INT-015,Intern 15,Graphic Design,M-04,T-0179,2026-07-18,2026-07-28,2026-07-26,5.4,3.3
INT-015,Intern 15,Graphic Design,M-04,T-0180,2026-07-13,2026-07-18,2026-07-13,6.3,3.2
INT-015,Intern 15,Graphic Design,M-04,T-0181,2026-07-24,2026-07-27,2026-07-26,7.3,5.0
INT-015,Intern 15,Graphic Design,M-04,T-0182,2026-07-02,2026-07-09,2026-07-04,8.2,4.6
INT-015,Intern 15,Graphic Design,M-04,T-0183,2026-08-04,2026-08-11,2026-08-07,6.4,5.0
INT-015,Intern 15,Graphic Design,M-04,T-0184,2026-08-22,2026-08-27,2026-08-25,4.1,4.6
INT-015,Intern 15,Graphic Design,M-04,T-0185,2026-08-11,2026-08-14,2026-08-11,7.9,4.7
INT-015,Intern 15,Graphic Design,M-04,T-0186,2026-09-02,2026-09-07,2026-09-05,8.4,3.9
INT-015,Intern 15,Graphic Design,M-04,T-0187,2026-09-11,2026-09-21,2026-09-19,6.1,3.6
INT-015,Intern 15,Graphic Design,M-04,T-0188,2026-09-03,2026-09-06,2026-09-06,6.3,5.0
INT-016,Intern 16,Web Development,M-07,T-0189,2026-06-01,2026-06-06,2026-06-04,5.6,5.0
INT-016,Intern 16,Web Development,M-07,T-0190,2026-06-15,2026-06-25,2026-06-21,7.3,3.8
INT-016,Intern 16,Web Development,M-07,T-0191,2026-06-21,2026-07-01,2026-06-28,7.8,4.9
INT-016,Intern 16,Web Development,M-07,T-0192,2026-06-12,2026-06-15,2026-06-12,5.3,4.5
INT-016,Intern 16,Web Development,M-07,T-0193,2026-07-06,2026-07-16,2026-07-10,5.3,4.6
INT-016,Intern 16,Web Development,M-07,T-0194,2026-07-24,2026-08-03,2026-07-25,6.7,2.4
INT-016,Intern 16,Web Development,M-07,T-0195,2026-08-06,2026-08-16,2026-08-14,8.0,4.5
INT-016,Intern 16,Web Development,M-07,T-0196,2026-08-09,2026-08-12,2026-08-09,7.1,3.8
INT-016,Intern 16,Web Development,M-07,T-0197,2026-08-20,2026-08-23,2026-08-21,7.5,2.7
INT-016,Intern 16,Web Development,M-07,T-0198,2026-08-01,2026-08-04,2026-08-01,7.0,3.6
INT-016,Intern 16,Web Development,M-07,T-0199,2026-09-06,2026-09-13,2026-09-08,7.4,4.1
INT-016,Intern 16,Web Development,M-07,T-0200,2026-09-03,2026-09-10,2026-09-05,8.0,4.3
INT-016,Intern 16,Web Development,M-07,T-0201,2026-09-18,2026-09-28,2026-09-25,7.4,4.8
INT-017,Intern 17,Graphic Design,M-04,T-0202,2026-06-22,2026-06-27,2026-06-25,6.6,3.1
INT-017,Intern 17,Graphic Design,M-04,T-0203,2026-06-18,2026-06-23,2026-06-25,9.3,3.3
INT-017,Intern 17,Graphic Design,M-04,T-0204,2026-06-19,2026-06-26,2026-06-25,6.0,4.4
INT-017,Intern 17,Graphic Design,M-04,T-0205,2026-07-12,2026-07-17,2026-07-12,5.5,3.8
INT-017,Intern 17,Graphic Design,M-04,T-0206,2026-07-19,2026-07-26,2026-07-20,7.5,3.6
INT-017,Intern 17,Graphic Design,M-04,T-0207,2026-07-17,2026-07-22,2026-07-21,7.3,4.6
INT-017,Intern 17,Graphic Design,M-04,T-0208,2026-07-12,2026-07-17,2026-07-18,8.9,3.5
INT-017,Intern 17,Graphic Design,M-04,T-0209,2026-08-15,2026-08-20,2026-08-21,4.9,2.7
INT-017,Intern 17,Graphic Design,M-04,T-0210,2026-08-18,2026-08-28,2026-08-25,6.3,4.9
INT-017,Intern 17,Graphic Design,M-04,T-0211,2026-08-23,2026-08-28,2026-08-26,4.5,3.8
INT-017,Intern 17,Graphic Design,M-04,T-0212,2026-09-15,2026-09-20,2026-09-17,5.9,4.4
INT-017,Intern 17,Graphic Design,M-04,T-0213,2026-09-25,2026-09-28,2026-09-28,6.5,3.7
INT-018,Intern 18,Content Writing,M-08,T-0214,2026-06-23,2026-06-30,2026-06-27,4.3,3.4
INT-018,Intern 18,Content Writing,M-08,T-0215,2026-06-10,2026-06-20,2026-06-18,7.8,3.0
INT-018,Intern 18,Content Writing,M-08,T-0216,2026-07-25,2026-08-04,2026-07-27,5.1,5.0
INT-018,Intern 18,Content Writing,M-08,T-0217,2026-07-12,2026-07-15,2026-07-16,8.1,3.7
INT-018,Intern 18,Content Writing,M-08,T-0218,2026-08-12,2026-08-19,2026-08-15,7.0,3.5
INT-018,Intern 18,Content Writing,M-08,T-0219,2026-08-20,2026-08-25,2026-08-23,6.8,2.4
INT-018,Intern 18,Content Writing,M-08,T-0220,2026-08-14,2026-08-24,2026-08-21,6.7,4.7
INT-018,Intern 18,Content Writing,M-08,T-0221,2026-09-11,2026-09-16,2026-09-11,5.8,4.2
INT-018,Intern 18,Content Writing,M-08,T-0222,2026-09-21,2026-09-24,2026-09-23,8.1,3.2
INT-018,Intern 18,Content Writing,M-08,T-0223,2026-09-23,2026-09-28,2026-09-26,7.8,3.6
INT-018,Intern 18,Content Writing,M-08,T-0224,2026-09-15,2026-09-25,2026-09-21,7.8,4.1
INT-019,Intern 19,Data Analytics,M-01,T-0225,2026-06-21,2026-07-01,2026-06-26,8.8,4.1
INT-019,Intern 19,Data Analytics,M-01,T-0226,2026-06-09,2026-06-12,2026-06-12,6.4,4.6
INT-019,Intern 19,Data Analytics,M-01,T-0227,2026-06-14,2026-06-24,2026-06-21,7.9,4.4
INT-019,Intern 19,Data Analytics,M-01,T-0228,2026-07-13,2026-07-20,2026-07-13,5.9,5.0
INT-019,Intern 19,Data Analytics,M-01,T-0229,2026-07-01,2026-07-11,2026-07-11,8.0,2.4
INT-019,Intern 19,Data Analytics,M-01,T-0230,2026-07-01,2026-07-04,2026-07-03,7.9,4.3
INT-019,Intern 19,Data Analytics,M-01,T-0231,2026-07-08,2026-07-13,2026-07-12,10.0,4.0
INT-019,Intern 19,Data Analytics,M-01,T-0232,2026-08-06,2026-08-16,2026-08-06,9.0,5.0
INT-019,Intern 19,Data Analytics,M-01,T-0233,2026-08-15,2026-08-22,2026-08-20,6.7,4.3
INT-019,Intern 19,Data Analytics,M-01,T-0234,2026-08-11,2026-08-18,2026-08-13,5.3,4.2
INT-019,Intern 19,Data Analytics,M-01,T-0235,2026-09-15,2026-09-25,2026-09-19,9.8,4.9
INT-019,Intern 19,Data Analytics,M-01,T-0236,2026-09-17,2026-09-20,2026-09-17,8.2,3.6
INT-019,Intern 19,Data Analytics,M-01,T-0237,2026-09-10,2026-09-17,2026-09-15,6.9,3.2
INT-020,Intern 20,Graphic Design,M-03,T-0238,2026-06-24,2026-07-04,2026-06-28,6.8,5.0
INT-020,Intern 20,Graphic Design,M-03,T-0239,2026-06-13,2026-06-18,2026-06-20,8.8,4.3
INT-020,Intern 20,Graphic Design,M-03,T-0240,2026-06-15,2026-06-20,2026-06-15,7.5,4.3
INT-020,Intern 20,Graphic Design,M-03,T-0241,2026-07-05,2026-07-15,2026-07-10,9.2,3.4
INT-020,Intern 20,Graphic Design,M-03,T-0242,2026-07-18,2026-07-25,2026-07-25,5.8,4.4
INT-020,Intern 20,Graphic Design,M-03,T-0243,2026-08-12,2026-08-17,2026-08-13,5.7,3.0
INT-020,Intern 20,Graphic Design,M-03,T-0244,2026-08-03,2026-08-13,2026-08-06,7.9,3.0
INT-020,Intern 20,Graphic Design,M-03,T-0245,2026-08-25,2026-08-30,2026-08-25,9.4,4.8
INT-020,Intern 20,Graphic Design,M-03,T-0246,2026-08-10,2026-08-15,2026-08-13,7.1,4.6
INT-020,Intern 20,Graphic Design,M-03,T-0247,2026-09-10,2026-09-20,2026-09-14,6.5,3.4
INT-020,Intern 20,Graphic Design,M-03,T-0248,2026-09-06,2026-09-09,2026-09-10,8.1,4.9
INT-020,Intern 20,Graphic Design,M-03,T-0249,2026-09-12,2026-09-19,2026-09-16,9.7,4.9
INT-021,Intern 21,Web Development,M-05,T-0250,2026-06-03,2026-06-08,2026-06-11,6.2,5.0
INT-021,Intern 21,Web Development,M-05,T-0251,2026-06-08,2026-06-13,2026-06-12,7.3,3.2
INT-021,Intern 21,Web Development,M-05,T-0252,2026-07-23,2026-08-02,2026-07-24,4.2,3.8
INT-021,Intern 21,Web Development,M-05,T-0253,2026-07-23,2026-08-02,2026-08-01,7.5,2.9
INT-021,Intern 21,Web Development,M-05,T-0254,2026-08-22,2026-08-27,2026-08-26,6.8,5.0
INT-021,Intern 21,Web Development,M-05,T-0255,2026-08-20,2026-08-25,2026-08-20,5.0,3.1
INT-021,Intern 21,Web Development,M-05,T-0256,2026-08-25,2026-08-28,2026-08-28,6.6,3.6
INT-021,Intern 21,Web Development,M-05,T-0257,2026-09-23,2026-09-28,2026-09-28,6.9,3.8
INT-021,Intern 21,Web Development,M-05,T-0258,2026-09-03,2026-09-08,2026-09-08,5.9,3.6
INT-021,Intern 21,Web Development,M-05,T-0259,2026-09-21,2026-09-28,2026-09-24,6.6,3.8
INT-022,Intern 22,Content Writing,M-03,T-0260,2026-06-25,2026-06-30,2026-06-30,8.7,4.3
INT-022,Intern 22,Content Writing,M-03,T-0261,2026-06-20,2026-06-27,2026-06-24,8.4,1.7
INT-022,Intern 22,Content Writing,M-03,T-0262,2026-06-15,2026-06-25,2026-06-19,7.8,3.6
INT-022,Intern 22,Content Writing,M-03,T-0263,2026-07-11,2026-07-16,2026-07-15,8.9,2.8
INT-022,Intern 22,Content Writing,M-03,T-0264,2026-07-02,2026-07-07,2026-07-02,7.7,4.9
INT-022,Intern 22,Content Writing,M-03,T-0265,2026-08-09,2026-08-16,2026-08-12,6.6,3.5
INT-022,Intern 22,Content Writing,M-03,T-0266,2026-08-19,2026-08-26,2026-08-23,7.2,4.0
INT-022,Intern 22,Content Writing,M-03,T-0267,2026-08-17,2026-08-20,2026-08-19,8.0,5.0
INT-022,Intern 22,Content Writing,M-03,T-0268,2026-08-07,2026-08-12,2026-08-08,5.8,2.9
INT-022,Intern 22,Content Writing,M-03,T-0269,2026-09-07,2026-09-10,2026-09-09,6.0,3.6
INT-022,Intern 22,Content Writing,M-03,T-0270,2026-09-21,2026-09-26,2026-09-27,5.5,4.3
INT-022,Intern 22,Content Writing,M-03,T-0271,2026-09-05,2026-09-08,2026-09-07,5.0,4.2
INT-023,Intern 23,Graphic Design,M-07,T-0272,2026-06-13,2026-06-23,2026-06-18,4.6,5.0
INT-023,Intern 23,Graphic Design,M-07,T-0273,2026-06-20,2026-06-30,2026-06-24,6.3,3.3
INT-023,Intern 23,Graphic Design,M-07,T-0274,2026-07-08,2026-07-15,2026-07-08,9.2,4.0
INT-023,Intern 23,Graphic Design,M-07,T-0275,2026-07-13,2026-07-16,2026-07-14,4.5,3.5
INT-023,Intern 23,Graphic Design,M-07,T-0276,2026-07-10,2026-07-15,2026-07-14,7.2,3.8
INT-023,Intern 23,Graphic Design,M-07,T-0277,2026-08-15,2026-08-18,2026-08-15,7.5,3.5
INT-023,Intern 23,Graphic Design,M-07,T-0278,2026-08-01,2026-08-08,2026-08-05,7.3,3.7
INT-023,Intern 23,Graphic Design,M-07,T-0279,2026-09-19,2026-09-29,2026-09-23,7.9,4.3
INT-023,Intern 23,Graphic Design,M-07,T-0280,2026-09-20,2026-09-27,2026-09-20,8.8,4.2
INT-024,Intern 24,Data Analytics,M-05,T-0281,2026-06-06,2026-06-13,2026-06-10,4.7,4.8
INT-024,Intern 24,Data Analytics,M-05,T-0282,2026-06-18,2026-06-25,2026-06-21,7.6,4.8
INT-024,Intern 24,Data Analytics,M-05,T-0283,2026-06-23,2026-06-28,2026-06-27,6.9,3.2
INT-024,Intern 24,Data Analytics,M-05,T-0284,2026-07-22,2026-07-25,2026-07-26,7.1,4.5
INT-024,Intern 24,Data Analytics,M-05,T-0285,2026-07-11,2026-07-16,2026-07-14,5.9,3.0
INT-024,Intern 24,Data Analytics,M-05,T-0286,2026-07-14,2026-07-24,2026-07-18,7.6,4.0
INT-024,Intern 24,Data Analytics,M-05,T-0287,2026-08-14,2026-08-17,2026-08-16,7.7,4.3
INT-024,Intern 24,Data Analytics,M-05,T-0288,2026-08-17,2026-08-27,2026-08-23,6.6,5.0
INT-024,Intern 24,Data Analytics,M-05,T-0289,2026-08-08,2026-08-13,2026-08-13,5.3,4.2
INT-024,Intern 24,Data Analytics,M-05,T-0290,2026-08-22,2026-08-27,2026-08-24,6.1,4.3
INT-024,Intern 24,Data Analytics,M-05,T-0291,2026-09-23,2026-10-03,2026-09-24,8.2,4.7
INT-024,Intern 24,Data Analytics,M-05,T-0292,2026-09-03,2026-09-10,2026-09-06,6.6,4.6
INT-024,Intern 24,Data Analytics,M-05,T-0293,2026-09-08,2026-09-13,2026-09-13,7.2,4.0
INT-024,Intern 24,Data Analytics,M-05,T-0294,2026-09-04,2026-09-14,2026-09-10,5.1,4.7
INT-025,Intern 25,Data Analytics,M-01,T-0295,2026-06-14,2026-06-21,2026-06-22,7.2,2.1
INT-025,Intern 25,Data Analytics,M-01,T-0296,2026-06-04,2026-06-09,2026-06-08,7.8,4.4
INT-025,Intern 25,Data Analytics,M-01,T-0297,2026-07-16,2026-07-23,2026-07-23,5.4,3.9
INT-025,Intern 25,Data Analytics,M-01,T-0298,2026-07-15,2026-07-18,2026-07-20,5.8,3.4
INT-025,Intern 25,Data Analytics,M-01,T-0299,2026-07-06,2026-07-09,2026-07-06,8.2,3.8
INT-025,Intern 25,Data Analytics,M-01,T-0300,2026-07-14,2026-07-21,2026-07-17,9.1,5.0
INT-025,Intern 25,Data Analytics,M-01,T-0301,2026-08-24,2026-08-29,2026-09-01,5.0,3.9
INT-025,Intern 25,Data Analytics,M-01,T-0302,2026-08-24,2026-08-27,2026-08-26,3.6,4.1
INT-025,Intern 25,Data Analytics,M-01,T-0303,2026-08-23,2026-08-26,2026-08-24,7.6,3.1
INT-025,Intern 25,Data Analytics,M-01,T-0304,2026-09-15,2026-09-22,2026-09-21,7.6,3.3
INT-025,Intern 25,Data Analytics,M-01,T-0305,2026-09-20,2026-09-30,2026-09-25,7.0,2.8
INT-025,Intern 25,Data Analytics,M-01,T-0306,2026-09-10,2026-09-15,2026-09-12,8.8,5.0
INT-025,Intern 25,Data Analytics,M-01,T-0307,2026-09-06,2026-09-09,2026-09-06,5.1,2.0
